rating,spread
AAAA,0.000000
AAA,0.000800
AA+,0.002500
AA,0.003700
AA-,0.004900
A+,0.006200
A,0.007400
A-,0.008600
BBB+,0.009800
BBB,0.011000
BBB-,0.012200
BB+,0.013400
BB,0.014700
BB-,0.015900
B+,0.017100
B,0.018300
B-,0.019500
CCC+,0.020700
CCC,0.022000
CCC-,0.023200
CC+,0.024400
Def,inf
